Lista de Precios de Update Plus ,,,,,,,
29 de abril al 26 de mayo de 2020,,,,,,,
"Estos precios aplican cuando el cliente activa  una línea o más en cualquier plan mensual en Update
",,,,,,,
,,,,,,,
Lista de Precios de  Financiamiento- Celulares PYMES/CORP,,,,,,,
28 de mayo al 31 de julio de 2026,,,,,,,
"Estos precios aplican cuando el cliente activa  una línea o más en cualquier plan mensual en  Update o Financiamiento
",,,,,,,
,,,,,,,
NOTA: Los equipos subrayados en azul salieron de portafolio y no vienen más. ,,,,,,,
 Item Code SIF,Número de Material SAP - Aplica solo a Canal Indirecto,Modelo, Precio Regular,Mensualidad 20 meses,Mensualidad 24 meses,Mensualidad 30 meses,Mensualidad 36 meses
,,Price code?,SUBREG,SWCH20/FIUP20,SWCH24/FIUP24,SWCH30/FIUP30,SWCH36/FIUP36
33750H,7013460,SAMSUNG A07 64GB A075M BLACK*,$119.99,$6.00,$5.00,$4.00,$3.33
33751H,7013461,SAMSUNG A07 64GB A075M LIGHT VIOLET*,$119.99,$6.00,$5.00,$4.00,$3.33
33752H,7013462,SAMSUNG A07 64GB A075M GREEN*,$119.99,$6.00,$5.00,$4.00,$3.33
33693H,7013259,MOTO G 2025XT2513-1 128GB  DARKEST SPRUCE ,$149.99,$7.50,$6.25,$5.00,$4.17
33927H,7013888,SAMSUNG A17 5G A176U 128GB Black,$199.99,$10.00,$8.33,$6.67,$5.56
33928H,7013889,SAMSUNG A17 5G A176U 128GB Blue,$199.99,$10.00,$8.33,$6.67,$5.56
33673H,7013135,SAMSUNG GALAXY A26 A266U 128GB BLACK *,$259.99,$13.00,$10.83,$8.67,$7.22
33694H,7013260,MOTO G POWER 2025 XT2515-1 128GB  JUNIPER ,$279.99,$14.00,$11.67,$9.33,$7.78
33695H,7013261,MOTO G POWER 2025 XT2515-1 128GB GRISAILLE ,$279.99,$14.00,$11.67,$9.33,$7.78
33648H,7013131,SAMSUNG GALAXY A36 A366U 128GB BLACK*,$349.99,$17.50,$14.58,$11.67,$9.72
33649H,7013132,SAMSUNG GALAXY A36 A366U 128GB LIGHT GREEN *,$349.99,$17.50,$14.58,$11.67,$9.72
33650H,7013133,SAMSUNG GALAXY A36 A366U 128GB LIGHT VIOLET *,$349.99,$17.50,$14.58,$11.67,$9.72
33979H,7014074,SAMSUNG GXY A37 A376U 128GB DARK GREEN,$349.99,$17.50,$14.58,$11.67,$9.72
33980H,7014075,SAMSUNG GXY A37 A376U 128GB GRAY,$349.99,$17.50,$14.58,$11.67,$9.72
33981H,7014106,SAMSUNG GXY A37 128GB  LIGHT VIOLET ,$349.99,$17.50,$14.58,$11.67,$9.72
33982H,7014107,SAMSUNG GXY A37 128GB  WHITE,$349.99,$17.50,$14.58,$11.67,$9.72
33926H,7013890,MOTOROLA EDGE 2025 XT2519-1 DEEP FOREST,$429.99,$21.50,$17.92,$14.33,$11.94
33641H,7013117,IPH 16e 128GB BLACK*,$599.99,$30.00,$25.00,$20.00,$16.67
33642H,7013118,IPH 16e 128GB WHITE*,$599.99,$30.00,$25.00,$20.00,$16.67
33976H,7014078,IPH 17e 256GB BLACK,$599.99,$30.00,$25.00,$20.00,$16.67
33977H,7014079,IPH 17e 256GB WHITE,$599.99,$30.00,$25.00,$20.00,$16.67
33978H,7014080,IPH 17e 256GB SOFT PINK ,$599.99,$30.00,$25.00,$20.00,$16.67
33754H,7013507,SAMSUNG GALAXY S25 FE 128GB JETBLACK,$589.99,$29.50,$24.58,$19.67,$16.39
33755H,7013508,SAMSUNG GALAXY S25 FE 128GB ICY BLUE,$589.99,$29.50,$24.58,$19.67,$16.39
33756H,7013509,SAMSUNG GALAXY S25 FE 128GB NAVY,$589.99,$29.50,$24.58,$19.67,$16.39
33757H,7013510,SAMSUNG GALAXY S25 FE 128GB WHITE,$589.99,$29.50,$24.58,$19.67,$16.39
33925H,7013791,MOTOROLA RAZR 2025 XT2553-3 256GB GIBRALTAR SEA ,$649.99,$32.50,$27.08,$21.67,$18.06
33762H,7013495,iPhone 17 256GB Black,$829.99,$41.50,$34.58,$27.67,$23.06
33764H,7013537,iPhone 17 256GB White,$829.99,$41.50,$34.58,$27.67,$23.06
33763H,7013536,iPhone 17 256GB Mist Blue,$829.99,$41.50,$34.58,$27.67,$23.06
33761H,7013494,iPhone 17 256GB Lavender,$829.99,$41.50,$34.58,$27.67,$23.06
33760H,7013493,iPhone 17 256GB Sage,$829.99,$41.50,$34.58,$27.67,$23.06
33944H,7013956,SAMSUNG GXY S26 S942U 256GB BLACK ,$839.99,$42.00,$35.00,$28.00,$23.33
33945H,7013957,SAMSUNG GXY S26 S942U 256GB COBALT VIOLET ,$839.99,$42.00,$35.00,$28.00,$23.33
33946H,7013958,SAMSUNG GXY S26 S942U 256GB SKY BLUE ,$839.99,$42.00,$35.00,$28.00,$23.33
33947H,7013959,SAMSUNG GXY S26 S942U 256GB WHITE ,$839.99,$42.00,$35.00,$28.00,$23.33
33727H,7013418,SAMSUNG GXY Z FLIP 7 F766U 256GB JET BLACK ,$799.99,$40.00,$33.33,$26.67,$22.22
33728H,7013419,SAMSUNG GXY Z FLIP 7 F766U 256GB BLUE SHADOW ,$799.99,$40.00,$33.33,$26.67,$22.22
33729H,7013420,SAMSUNG GXY Z FLIP 7 F766U 256GB CORAL RED ,$799.99,$40.00,$33.33,$26.67,$22.22
33766H,7013539,iPhone Air 256GB Space Black,$999.99,$50.00,$41.67,$33.33,$27.78
33767H,7013540,iPhone Air 256GB Cloud White,$999.99,$50.00,$41.67,$33.33,$27.78
33768H,7013541,iPhone Air 256GB Sky Blue,$999.99,$50.00,$41.67,$33.33,$27.78
33765H,7013538,iPhone Air 256GB Light Gold,$999.99,$50.00,$41.67,$33.33,$27.78
33948H,7013960,SAMSUNG GXY S26 PLUS S947U 256GB BLACK ,"$1,089.99",$54.50,$45.42,$36.33,$30.28
33949H,7013961,SAMSUNG GXY S26 PLUS S947U 256GB COBALT VIOLET ,"$1,089.99",$54.50,$45.42,$36.33,$30.28
33950H,7013962,SAMSUNG GXY S26 PLUS S947U 256GB SKY BLUE ,"$1,089.99",$54.50,$45.42,$36.33,$30.28
33951H,7013963,SAMSUNG GXY S26 PLUS S947U 256GB WHITE ,"$1,089.99",$54.50,$45.42,$36.33,$30.28
33769H,7013547,iPhone 17 Pro 256GB Silver,"$1,099.99",$55.00,$45.83,$36.67,$30.56
33771H,7013549,iPhone 17 Pro 256GB Cosmic Orange,"$1,099.99",$55.00,$45.83,$36.67,$30.56
33770H,7013548,iPhone 17 Pro 256GB Deep Blue,"$1,099.99",$55.00,$45.83,$36.67,$30.56
33810H,7013553,iPhone Air 512GB CLOUD WHITE,"$1,199.99",$60.00,$50.00,$40.00,$33.33
33811H,7013554,iPhone Air 512GB SKY BLUE,"$1,199.99",$60.00,$50.00,$40.00,$33.33
33812H,7013555,iPhone Air 512GB LIGHT GOLD,"$1,199.99",$60.00,$50.00,$40.00,$33.33
33803H,7013551,iPhone 17 Pro Max 256GB Silver,"$1,199.99",$60.00,$50.00,$40.00,$33.33
33775H,7013546,iPhone 17 Pro Max 256GB Cosmic Orange,"$1,199.99",$60.00,$50.00,$40.00,$33.33
33774H,7013545,iPhone 17 Pro Max 256GB Deep Blue,"$1,199.99",$60.00,$50.00,$40.00,$33.33
33802H,7013550,iPhone 17 Pro 512GB Silver,"$1,299.99",$65.00,$54.17,$43.33,$36.11
33773H,7013544,iPhone 17 Pro 512GB Cosmic Orange,"$1,299.99",$65.00,$54.17,$43.33,$36.11
33772H,7013543,iPhone 17 Pro 512GB Deep Blue,"$1,299.99",$65.00,$54.17,$43.33,$36.11
33936H,7013946,SAMSUNG GXY S26 ULTRA S948U 256GB BLACK ,"$1,369.99",$68.50,$57.08,$45.67,$38.06
33937H,7013947,SAMSUNG GXY S26 ULTRA S948U 256GB COBALT VIOLET ,"$1,369.99",$68.50,$57.08,$45.67,$38.06
33938H,7013948,SAMSUNG GXY S26 ULTRA S948U 256GB SKY BLUE ,"$1,369.99",$68.50,$57.08,$45.67,$38.06
33939H,7013949,SAMSUNG GXY S26 ULTRA S948U 256GB WHITE ,"$1,369.99",$68.50,$57.08,$45.67,$38.06
33940H,7013950,SAMSUNG GXY S26 ULTRA S948U 512GB BLACK ,"$1,369.99",$68.50,$57.08,$45.67,$38.06
33942H,7013952,SAMSUNG GXY S26 ULTRA S948U 512GB SKY BLUE ,"$1,369.99",$68.50,$57.08,$45.67,$38.06
33818H,7013636,iPhone 17 Pro Max 512GB SILVER,"$1,399.99",$70.00,$58.33,$46.67,$38.89
33819H,7013637,iPhone 17 Pro Max 512GB COSMIC ORANGE,"$1,399.99",$70.00,$58.33,$46.67,$38.89
33817H,7013635,iPhone 17 Pro Max 512GB DEEP BLUE,"$1,399.99",$70.00,$58.33,$46.67,$38.89
33730H,7013421,SAMSUNG GXY Z FOLD 7 F966U 256GB JET BLACK ,"$1,899.99",$95.00,$79.17,$63.33,$52.78
33731H,7013422,SAMSUNG GXY Z FOLD 7 F966U 256GB BLUE SHADOW ,"$1,899.99",$95.00,$79.17,$63.33,$52.78
33732H,7013423,SAMSUNG GXY Z FOLD 7 F966U 256GB SILVER SHADOW ,"$1,899.99",$95.00,$79.17,$63.33,$52.78
